timestamp,thread,cls,name,method,tag,arg_0,arg_1,arg_2,arg_3,arg_4,arg_5,arg_6,arg_7,arg_8,arg_9,arg_10,arg_11,arg_12,arg_13,arg_14,arg_15,arg_16,arg_17,arg_18,arg_19
60,main,Inertial,inertial,state,,1,639,0,0,1,0,0,0,1.495407,-2.136296,0.122074,0.01293945,0.1080322,1.010498,1
62,main,Inertial,inertial,calibrate,
2162,main,Inertial,inertial,state,,1,2715,0.001097398,0.001097398,0,0.916478,0.1195977,0.001097398,0,0,0,0.01428223,0.1036377,0.9780273,1
2164,main,Gps,gps,state,,1,2702,0,0,150,-100,0,0,0,0,0,-1.251259,-0.5798517,0.8545183,0.06420898,0.06958008,-0.9692383,1
2171,main,Odometry,odometry,compute_position_with_heading,,2725,2709,2725,76.99,75.67,0.001351794,0,0
2172,main,Inertial,inertial,set_heading,,0,0
2173,main,Odometry,odometry,reset,,2725,2709,2725,76.99,75.67,0,150,-100
2343,t55306412,Motor,intake_1st_stage,set_velocity,,500,1
2343,t55306412,Motor,intake_2nd_stage,set_velocity,,500,1
2344,t55306412,Odometry,odometry,compute_position_with_heading,,2883,2888,2894,76.99,75.67,0.008018785,150,-100
2346,t55306412,Odometry,odometry,compute_position_with_heading,,2883,2888,2894,76.99,75.67,0.008018785,150,-100
2396,t55306412,Tank,tank,arcade_args,,0,-50,-50,-50
2396,t55306412,PIDDriver,pid_driver,step,,0,-1000,0,-1000,-1000,0,-50,0,0
2418,t55306412,Odometry,odometry,compute_position_with_heading,,2962,2947,2963,76.99,75.67,0.01337486,150,-100
2446,t55306412,Tank,tank,arcade_args,,0,-50,-50,-50
2446,t55306412,PIDDriver,pid_driver,step,,1,-1000,0,-1000,-2000,0,-50,0,0
2468,t55306412,Odometry,odometry,compute_position_with_heading,,3001,3006,3013,76.99,75.67,0.02278157,150,-100
2496,t55306412,Tank,tank,arcade_args,,0,-50,-50,-50
2496,t55306412,PIDDriver,pid_driver,step,,2,-1000,0,-1000,-3000,0,-50,0,0
2518,t55306412,Odometry,odometry,compute_position_with_heading,,3061,3046,3062,76.99,75.67,0.1480628,150,-10.588318,-50,0,0
2619,t55306412,Odometry,odometry,compute_position_with_heading,,3159,3145,3162,76.99,34.1,0.5432288,149.8456,-125.3387
2646,t55306412,Tank,tank,arcade_args,,0,-50,-50,-50
2646,t55306412,PIDDriver,pid_drive_position_with_heading,,3258,3244,3261,76.99,-73.83,1.267316,148.853,-191.1203
2746,t55306412,Tank,tank,arcade_args,,0,-50,-50,-50
2746,t55306412,PIDDriver,pid_driver,step,,7,-1000,-91.12865,-908.8714,-7812.549,29.73413,-52869,t55306412,Odometry,odometry,compute_position_with_heading,,3416,3402,3410,77.16001,-328.19,2.972346,143.2709,-346.0616
2896,t55306412,Tank,tank,arcade_args,,0,-50,-50,-50
2896,t55306412,PIDDriver,pid_driver,step,,10,-9,t55306412,Odometry,odometry,compute_position_with_heading,,3555,3541,3559,79.1,-582.54,3.562758,135.2611,-500.902
3046,t55306412,Tank,tank,arcade_args,,0,-50,-50,-50
3052,t55306412,PIDDriver,pid_driver,step,,13,-1000,-402,PIDDriver,pid_driver,step,,15,-1000,-494.1672,-505.8328,-13237.23,36.90863,-50,0,0
3169,t55306412,Odometry,odometry,compute_position_with_heading,,3713,3699,3708,87.36,-816.59,3.25839,131.6207,-643.6108
3196,t55306412,Tariver,pid_driver,step,,17,-1000,-576.5121,-423.4879,-14116.84,32.62946,-43.76047,0,0
3269,t55306412,Odometry,odometry,compute_position_with_heading,,3812,3798,3807,91.23,-952.21,2.915201,129.5921,-726.2872
3424,t55306412,Odometry,odometry,compute_position_with_heading,,3950,3937,3956,97.38,-1141.88,359.5848,130.268,-809.5558
3446,t55306412,Tank,tank,arcade_args,,0,-27.32155,-27.32155,-27.32155
3547,t55306412,PIDDriver,pid_driver,step,,23,-1000,-814.7024,-185.2975,-15778.02,26.73511,-20.10756,0,0
3569,t55306412,Odometry,odometry,compute_position_with_heading,,4108,4096,4095,98.87,-1320,-14.53659,-14.53659,-14.53659
3647,t55306412,PIDDriver,pid_driver,step,,25,-1000,-870.6902,-129.3098,-16056.09,19.45099,-14.53659,0,0
3673,t55306412,Odometry,odometry,compute_position_with_heading,,4207,4195,4194,98.96,-6,t55306412,Tank,tank,arcade_args,,0,-11.17132,-11.17132,-11.17132
3752,t55306412,PIDDriver,pid_driver,step,,27,-1000,-904.5449,-95.45508,-16258.09,11.08783,-11.17132,0,0
3774,t55306412,Odometry,odometry,compute_position_w,compute_position_with_heading,,4345,4333,4343,99.05001,-1438.95,1.220884,130.6046,-954.0202
3846,t55306412,Tank,tank,arcade_args,,0,-9.317204,-9.317204,-9.317204
3847,t55306412,PIDDriver,pid_driver,step,,29,-1000,-923.246567
3947,t55306412,PIDDriver,pid_driver,step,,31,-1000,-937.1745,-62.8255,-16550.16,6.321167,-7.937567,0,0
3969,t55306412,Odometry,odometry,compute_position_with_heading,,4504,4492,4492,99.05001,-1479.38,0.8544505,130.1657ade_args,,0,-6.066705,-6.066705,-6.066705
4047,t55306412,PIDDriver,pid_driver,step,,33,-1000,-955.9793,-44.02075,-16646.29,8.088745,-6.066705,0,0
4069,t55306412,Odometry,odometry,compute_position_with_heading,,4602,4591,45,-16701.6,7.765747,-4.047284,1,0
4169,t55306412,Odometry,odometry,compute_position_with_heading,,4701,4690,4691,99.22,-1540.99,0.5039799,129.8321,-1016.214
4196,t55306412,Tank,tank,arcade_args,,0,-3.127097,-3.127097,-3.127y,odometry,compute_position_with_heading,,4840,4828,4839,99.22,-1560.15,0.5021605,129.7306,-1027.893
4346,t55306412,Tank,tank,arcade_args,,0,0,0,0
4350,t55306412,PIDDriver,pid_driver,step,,39,-1000,-997.1243,-2.875671,-1674447,t55306412,PIDTurner,pid_turner,step,,0,80.50501,0.4928234,60,0,0,15,0,0
4474,t55306412,Odometry,odometry,compute_position_with_heading,,4998,4987,4988,99.22,-1563.31,0.4579563,129.7137,-1029.819
4496,t55306412,Tank,taheading,,5136,5125,5137,99.22,-1565.69,1.406256,129.6964,-1031.27
4646,t55306412,Tank,tank,arcade_args,,15,0,15,-15
4647,t55306412,PIDTurner,pid_turner,step,,4,80.50501,1.406256,60,0,0,15,0,0
4669,t55306412,Odometry,odomek,arcade_args,,15,0,15,-15
4747,t55306412,PIDTurner,pid_turner,step,,6,80.50501,8.417051,60,0,0,15,0,0
4769,t55306412,Odometry,odometry,compute_position_with_heading,,5294,5284,5286,87.01,-1566.57,14.63925,122.3702,-1030.45,-1022.835
4896,t55306412,Tank,tank,arcade_args,,13.07557,0,13.07557,-13.07557
4897,t55306412,PIDTurner,pid_turner,step,,9,80.50501,28.42464,52.08035,110.9733,-6.812637,13.07557,0,0
4919,t55306412,Odometry,odometry,compu,11,80.50501,39.91485,40.59015,197.4603,-5.306656,10.24627,0,0
5008,t55961748,Motors,motors,temperature,,35,35,40,35,35,35,35,45
5019,t55306412,Odometry,odometry,compute_position_with_heading,,5531,5522,5534,45.61,-1547.93e_position_with_heading,,5630,5621,5634,35.5,-1540.64,50.83488,105.9248,-1001.232
5146,t55306412,Tank,tank,arcade_args,,7.565489,0,7.565489,-7.565489
5147,t55306412,PIDTurner,pid_turner,step,,14,80.50501,50.83488,29.67014,pute_position_with_heading,,5729,5720,5733,27.86,-1536.68,55.67497,105.0516,-996.0597
5246,t55306412,Tank,tank,arcade_args,,6.381472,0,6.381472,-6.381472
5247,t55306412,PIDTurner,pid_turner,step,,16,80.50501,55.67497,24.830
5369,t55306412,Odometry,odometry,compute_position_with_heading,,5887,5878,5882,15.73,-1531.58,62.77975,103.9637,-988.1353
5396,t55306412,Tank,tank,arcade_args,,4.635386,0,4.635386,-4.635386
5496,t55306412,Tank,tank,arcade_args,,3.652164,0,3.652164,-3.652164
5497,t55306412,PIDTurner,pid_turner,step,,21,80.50501,66.77124,13.73376,437.4465,-1.832031,3.652164,0,0
5619,t55306412,Odometry,odometry,compute_position_with_heading,,6125,6116,6130,4.74,-1525.61,70.43004,104.6489,-980.5625
5646,t55306412,Tank,tank,arcade_args,,2.754142854,9.076462,479.9747,-0.9985046,2.509103,0,0
5719,t55306412,Odometry,odometry,compute_position_with_heading,,6223,6215,6229,1.75,-1524.55,72.511,104.6782,-978.6283
5746,t55306412,Tank,tank,arcade_args,,2.242489,0,2.24247.4569
5796,t55306412,Tank,tank,arcade_args,,1.984771,0,1.984771,-1.984771
5797,t55306412,PIDTurner,pid_turner,step,,27,80.50501,73.55577,6.949249,494.918,-1.044769,1.984771,0,0
5823,t55306412,Odometry,odometry,compute_position_with_heading,,6322,6314,6328,-1.24,-1524.03,74.42216,104.4606,-976.792
5846,t55306412,Tank,tank,arcade_args,,1.77121,0,1.77121,-1.77121
5847,t55306412,PIDTurner,pid_turner,step,,28,80.50501,74.42216,6.08284,501.0008,-0.8664093,1.77121,0,0
5869,t55306412,Odometry,odometry,compute_position_with_heading,,6381,6374,6368,-2.29,-1523.5,74.96951,104.6033,-976.0895
5896,t55306412,Tank,tank,arcade_args,,1.637141,0,1.637141,-1.637141
5897,t55306412,PIDTurner,pid_turner,step,,29,80.50501,74.96951,5.535492,506.5363,-0.547348,1.637141,0,0
5924,t55306412,Odometry,odometry,compute_position_with_heading,,6421,6413,6418,-2.99,-1523.15,75.54263,104.701,-975.6226
5946,t55306412,Tank,tank,arcade_args,,1.496342,0,1.496342,-1.496342
5947,t55306412,PIDTurner,pid_turner,step,,30,80.50501,75.54263,4.962372,511.4987,-0.5731201,1.496342,0,0
5970,t55306412,Odometry,odometry,compute_position_with_heading,,6480,6473,6468,-3.7,-1522.88,76.00039,104.7542,-975.1626
5996,t55306412,Tank,tank,arcade_args,,1.384154,0,1.384154,-1.384154
6000,t55306412,PIDTurner,pid_turner,step,,31,80.50501,76.00039,4.504608,516.0033,-0.4577637,1.384154,0,0
6010,t55961748,Motors,motors,temperature,,35,35,40,35,35,35,35,45
6023,t55306412,Odometry,odometry,compute_position_with_heading,,6520,6512,6517,-4.4,-1522.62,76.39127,104.8063,-974.7104
6046,t55306412,Tank,tank,arcade_args,,1.288493,0,1.288493,-1.288493
6047,t55306412,PIDTurner,pid_turner,step,,32,80.50501,76.39127,4.113739,520.117,-0.3908691,1.288493,0,0
6069,t55306412,Odometry,odometry,compute_position_with_heading,,6579,6572,6567,-4.93,-1522.27,76.76364,104.9388,-974.3466
6096,t55306412,Tank,tank,arcade_args,,1.19727,0,1.19727,-1.19727
6097,t55306412,PIDTurner,pid_turner,step,,33,80.50501,76.76364,3.741364,523.8584,-0.3723755,1.19727,0,0
6119,t55306412,Odometry,odometry,compute_position_with_heading,,6619,6611,6616,-5.45,-1521.74,77.1935,105.1821,-973.965
6146,t55306412,Tank,tank,arcade_args,,1.091462,0,1.091462,-1.091462
6147,t55306412,PIDTurner,pid_turner,step,,34,80.50501,77.1935,3.311508,527.1699,-0.4298553,1.091462,0,0
6173,t55306412,Odometry,odometry,compute_position_with_heading,,6678,6651,6666,-6.33,-1521.39,77.68434,105.2737,-973.3951
6196,t55306412,Tank,tank,arcade_args,,0.9701612,0,0.9701612,-0.9701612
6197,t55306412,PIDTurner,pid_turner,step,,35,80.50501,77.68434,2.820663,529.9906,-0.4908447,0.9701612,0,0
6219,t55306412,Odometry,odometry,compute_position_with_heading,,6717,670
6274,t55306412,Odometry,odometry,compute_position_with_heading,,6777,6750,6765,-8.27,-1520.51,78.834,105.5595,-972.1272
6296,t55306412,Tank,tank,arcade_args,,0.6847149,0,0.6847149,-0.6847149
6297,t55306412,PIDTurner,pidIDTurner,pid_turner,step,,39,80.50501,79.62704,0.8779602,536.0106,-0.3276215,0.4874954,4,0
6423,t55306412,Odometry,odometry,compute_position_with_heading,,6915,6908,6914,-9.5,-1519.63,79.68347,105.9476,-971.2905
7457,t55306412,Inertial,inertial,set_heading,,82.39764,0
7458,t55306412,Odometry,odometry,reset,,7943,7939,7947,-9.5,-1519.63,82.39764,863.7561,374.019
7657,t55306412,Tank,tank,arcade_args,,0,50,50,50
7657,t55306412,PIDDriver,pid_driver,step,,1,600,0,600,1200,0,50,0,0
7679,t55306412,Odometry,odometry,compute_position_with_heading,,8161,8157,8165ith_heading,,8259,8255,8264,-12.66,-1493,82.77061,879.6107,377.9957
7807,t55306412,Tank,tank,arcade_args,,0,50,50,50
7807,t55306412,PIDDriver,pid_driver,step,,4,600,16.23249,583.7675,2982.695,-15.15967,50,0,0
7907,t55306412,PIDDriver,pid_driver,step,,6,600,74.78649,525.2135,4072.334,-39.21283,50,0,0
7930,t55306412,Odometry,odometry,compute_position_with_heading,,8418,8394,8413,-18.46,-1342.97,82.3393,969.8541,393.2736
8057,t55306412,Tank,tank,arcade_args,,0,39.30733,39.30733,39.30733
8062,t55306412,PIDDriver,pid_driver,step,,9,600,212.3146,387.6854,5387.866,-47.84415,39_with_heading,,8615,8592,8602,-24,-978.23,81.7961,1189.49,427.8832
8157,t55306412,Tank,tank,arcade_args,,0,27.596,27.596,27.596
8162,t55306412,PIDDriver,pid_driver,step,,11,600,330.0138,269.9862,5973.804,-45.96664,27.596,0,600,426.665,173.335,6352.994,-32.51984,17.9688,0,0
8280,t55306412,Odometry,odometry,compute_position_with_heading,,8754,8751,8751,-24.88,-752.96,82.86481,1325.483,446.8629
8307,t55306412,Tank,tank,arcade_args,,0,13.91572,tank,arcade_args,,0,10.62097,10.62097,10.62097
8408,t55306412,PIDDriver,pid_driver,step,,16,600,500.4883,99.51169,6697.971,-13.28214,10.62097,0,0
8435,t55306412,Odometry,odometry,compute_position_with_heading,,8912,8889,8949,-24.97,-675.71,82.64501,1372.203,452.7446
8507,t55306412,Tank,tank,arcade_args,,0,9.245872,9.245872,9.245872
8513,t55306412,PIDDriver,pid_driver,step,,18,600,514.4167,85.58331,6875.404,-6.266205,9.245872,0,0
8607,t55306412,Tank,tank,arcade_args,,0,7.9592,7.9592,7.9592
8608,t55306412,PIDDriver,pid_driver,step,,20,600,527.4368,72.56317,7028.833,-8.302124,7.9592,0,0
8630,t55306412,Odometry,odometry,compute_position_w52803,6.052803,6.052803
8708,t55306412,PIDDriver,pid_driver,step,,22,600,546.6196,53.38043,7147.596,-12.0022,6.052803,0,0
8730,t55306412,Odometry,odometry,compute_position_with_heading,,9208,9186,9198,-24.97,-610.93,82.574river,pid_driver,step,,24,600,565.6926,34.30743,7228,-11.78876,4.153543,0,0
8830,t55306412,Odometry,odometry,compute_position_with_heading,,9307,9285,9297,-24.97,-581.05,82.62599,1429.414,460.2407
8857,t55306412,Tank,tank,,Tank,tank,arcade_args,,0,2.733802,2.733802,2.733802
8908,t55306412,PIDDriver,pid_driver,step,,26,600,579.9379,20.06207,7275.945,-7.820557,2.733802,1,0
8930,t55306412,Odometry,odometry,compute_position_with_heading,,9406,9e,,35,35,40,35,40,40,35,45
9030,t55306412,Odometry,odometry,compute_position_with_heading,,9505,9483,9495,-24.97,-557.2299,82.62076,1443.814,462.1057
9057,t55306412,Tank,tank,arcade_args,,0,2.068367,2.068367,2.068367
9230,t55306412,Odometry,odometry,compute_position_with_heading,,9702,9682,9694,-24.97,-554.77,82.62602,1445.301,462.2985
9257,t55306412,Tank,tank,arcade_args,,15,5,0,0
9385,t55306412,Odometry,odometry,compute_position_with_heading,,9841,9840,9843,-24.97,-551.87,83.61777,1447.055,462.5125
9407,t55306412,Tank,tank,arcade_args,,15,0,15,-15
9408,t55306412,PIDTurner,pid_turner,step,,4,,Odometry,odometry,compute_position_with_heading,,9999,9979,9992,-44.39,-533.59,97.40122,1458.35,474.3596
9557,t55306412,Tank,tank,arcade_args,,15,0,15,-15
9558,t55306412,PIDTurner,pid_turner,step,,7,172.5956,97.40122,60,05,0,0
9684,t55306412,Odometry,odometry,compute_position_with_heading,,10138,10137,10141,-71.28,-518.82,116.973,1471.818,487.4871
9707,t55306412,Tank,tank,arcade_args,,13.93345,0,13.93345,-13.93345
9808,t55306412,PIDTurner,pid_turner,step,,12,172.5956,125.6501,46.94554,153.4875,-3.973877,11.81313,0,0
9830,t55306412,Odometry,odometry,compute_position_with_heading,,10296,10276,10290,-89.65,-510.03,129.3t55306412,Odometry,odometry,compute_position_with_heading,,10394,10375,10389,-102.13,-502.03,137.559,1491.24,496.0321
9957,t55306412,Tank,tank,arcade_args,,8.894628,0,8.894628,-8.894628
10057,t55306412,Tank,tank,arcade_args,,6.877344,0,6.877344,-6.877344
10058,t55306412,PIDTurner,pid_turner,step,,17,172.5956,145.7434,26.85217,328.6006,-3.950775,6.877344,0,0
10180,t55306412,Odometry,odometry,compute_position_with_heading,,10631,10632,10637,-123.84,-487.8,154.2424,1506.851,496.233
10207,t55306412,Tank,tank,arcade_args,,4.7838
10307,t55306412,Tank,tank,arcade_args,,3.990623,0,3.990623,-3.990623
10308,t55306412,PIDTurner,pid_turner,step,,22,172.5956,157.4784,15.11719,422.6524,-1.335129,3.990623,0,0
10330,t55306412,Odometry,odometry,compute_posmetry,compute_position_with_heading,,10888,10870,10875,-135.18,-482.35,161.0474,1514.492,495.7879
10457,t55306412,Tank,tank,arcade_args,,3.117563,0,3.117563,-3.117563
10458,t55306412,PIDTurner,pid_turner,step,,25,172.5956,ry,odometry,compute_position_with_heading,,11027,11028,11024,-140.89,-479.27,165.0172,1518.382,495.009
10607,t55306412,Tank,tank,arcade_args,,2.138313,0,2.138313,-2.138313
10608,t55306412,PIDTurner,pid_turner,step,,28,172.306412,Tank,tank,arcade_args,,1.8914,0,1.8914,-1.8914
10658,t55306412,PIDTurner,pid_turner,step,,29,172.5956,166.018,6.577606,493.9966,-1.000809,1.8914,0,0
10680,t55306412,Odometry,odometry,compute_position_with_heading,,10,0
10780,t55306412,Odometry,odometry,compute_position_with_heading,,11225,11227,11223,-145.73,-476.55,168.2391,1521.612,494.0813
10807,t55306412,Tank,tank,arcade_args,,1.343668,0,1.343668,-1.343668
10907,t55306412,Tank,tank,arcade_args,,1.050937,0,1.050937,-1.050937
10908,t55306412,PIDTurner,pid_turner,step,,34,172.5956,169.4238,3.171783,515.9829,-0.5635223,1.050937,0,0
10930,t55306412,Odometr306412,Odometry,odometry,compute_position_with_heading,,11482,11464,11471,-149.59,-473.91,170.6275,1524.224,492.9336
11057,t55306412,Tank,tank,arcade_args,,0.7534751,0,0.7534751,-0.7534751
11058,t55306412,PIDTurner,pid_tur,arcade_args,,0.6286177,0,0.6286177,-0.6286177
11158,t55306412,PIDTurner,pid_turner,step,,39,172.5956,171.1333,1.462357,526.0571,-0.2290802,0.6286177,4,0
11180,t55306412,Odometry,odometry,compute_position_with_heading,,116arcade_args,,0,27.01602,27.01602,27.01602
11308,t55306412,PIDDriver,pid_driver,step,,0,270,0.1097157,269.8903,269.8903,0,27.01602,0,0
11333,t55306412,Odometry,odometry,compute_position_with_heading,,11778,11761,11769,-150.,2,270,0.2133484,269.7866,809.5673,-0.1036377,27.05962,0,0
11435,t55306412,Odometry,odometry,compute_position_with_heading,,11877,11860,11868,-150.91,-472.59,171.3846,1525.141,492.2625
11557,t55306412,Tank,tank,arcade_args,,0,24.51748,24.51748,24.51748
11558,t55306412,PIDDriver,pid_driver,step,,5,270,26.41207,243.5879,1586.834,-20.6274,24.51748,0,0
11580,t55306412,Odometry,odometry,comer,step,,7,270,87.27017,182.7298,1991.933,-39.63943,18.47218,0,0
11683,t55306412,Odometry,odometry,compute_position_with_heading,,12114,12098,12117,-157.07,-284.68,172.923,1544.396,379.3143
11707,t55306412,Tank,tank,arcade8818,1551.495,319.5165
11807,t55306412,Tank,tank,arcade_args,,0,9.706181,9.706181,9.706181
11808,t55306412,PIDDriver,pid_driver,step,,10,270,175.2962,94.7038,2358.012,-21.74899,9.706181,0,0
11930,t55306412,Odometry,odometry,compute_position_with_heading,,12371,12356,12365,-158.65,-111.8,173.2634,1557.262,274.7145
11957,t55306412,Tank,tank,arcade_args,,0,5.208111,5.208111,5.208111
11958,t55306412,PIDDriver,pid_driver,step,,13,270,220.4582,49.54179,2539.322,-9.966232,5.208111,0,0
11980,t55306412,Odometry,odometry,compute_position_with_heading,,12411,12395,12414,-158.82,-109.95,172.9676,1557.5,273.6074
12007,t55306412,Tank,tank,arcade_args,,0,5.100183,5.100183,5.100183
12008,t55306412,PIDDriver,pid_driver,step,,14,270,221.5859,48.41409,2587.736,-1.127701,5.100183,0,0
12014,t55961748,Motors,motors,temperature,,35,35,40,40,40,40,35,45
12035,t55306412,Odometry,odometry,compute_position_with_heading,,12470,12454,12464,-158.82,-108.37,172.864,1557.619,272.6516
12057,t55306412,Tank,tank,arcade_args,,0,5.008621,5.008621,5.008621
12058,t55306412,PIDDriver,pid_driver,step,,15,270,222.549,47.45102,2635.186,-0.9630737,5.008621,0,0
12080,t55306412,Odometry,odometry,compute_position_with_heading,,12509,12494,12514,-158.82,-108.02,172.9317,1557.645,272.4399
12107,t55306412,Tank,tank,arcade_args,,0,4.99201,4.99201,4.99201
12108,t55306412,PIDDriver,pid_driver,step,,16,270,222.7623,47.23767,2682.424,-0.2133484,4.99201,0,0
12130,t55306412,Odometry,odometry,compute_position_with_heading,,12569,12553,12563,-158.82,-105.91,172.8892,1557.804,271.1636
12157,t55306412,Tank,tank,arcade_args,,0,4.867989,4.867989,4.867989
12158,t55306412,PIDDriver,pid_driver,step,,17,270,224.0485,45.95151,2728.376,-1.286163,4.867989,0,0
12180,t55306412,Odometry,odometry,compute_position_with_heading,,12608,12593,12613,-158.82,-102.31,172.8863,1558.075,268.9861
12207,t55306412,Tank,tank,arcade_args,,0,4.652923,4.652923,4.652923
12208,t55306412,PIDDriver,pid_driver,step,,18,270,226.2429,43.7571,2772.133,-2.194412,4.652923,0,0
12230,t55306412,Odometry,odometry,compute_position_with_heading,,12667,12652,12662,-158.91,-97.3,172.884,1558.508,265.9625
12257,t55306412,Tank,tank,arcade_args,,0,4.35161,4.35161,4.35161
12258,t55306412,PIDDriver,pid_driver,step,,19,270,229.2967,40.70326,2812.836,-3.053833,4.35161,0,0
12285,t55306412,Odometry,odometry,compute_position_with_heading,,12707,12692,12712,-159.26,-90.62,172.9333,1559.222,261.9482
12307,t55306412,Tank,tank,arcade_args,,0,3.948085,3.948085,3.948085
12308,t55306412,PIDDriver,pid_driver,step,,20,270,233.3686,36.63138,2849.467,-4.071884,3.948085,0,0
12330,t55306412,Odometry,odometry,compute_position_with_heading,,12766,12751,12762,-159.61,-79.02,173.0296,1560.298,254.9564
12357,t55306412,Tank,tank,arcade_args,,0,3.243954,3.243954,3.243954
12362,t55306412,PIDDriver,pid_driver,step,,21,27arcade_args,,0,2.144334,2.144334,2.144334
12458,t55306412,PIDDriver,pid_driver,step,,23,270,251.4785,18.52148,2921.856,-5.784668,2.144334,2,0
12480,t55306412,Odometry,odometry,compute_position_with_heading,,12905,12890,1292607,t55306412,PIDDriver,pid_driver,step,,26,270,261.2314,8.768585,2955.665,-1.554352,1.172425,5,1
13009,t55961748,Motors,motors,temperature,,35,35,40,40,40,40,35,45
13615,t55306412,Gps,gps,state,,1,14022,172.5871,172.58711194.492,324.1623
13669,t55306412,Odometry,odometry,compute_position_with_heading,,14090,14078,14082,-161.81,-42.54,172.58,1194.492,324.1623
13719,t55306412,Odometry,odometry,compute_position_with_heading,,14130,14118,1413,1194.492,324.1623
13869,t55306412,Tank,tank,arcade_args,,0,-15.045,-15.045,-15.045
13870,t55306412,PIDDriver,pid_driver,step,,2,-150,0,-150,-450,0,-15.045,0,0
13892,t55306412,Odometry,odometry,compute_position_with_headimetry,compute_position_with_heading,,14406,14395,14399,-161.81,-42.98,172.6796,1194.458,324.4283
14008,t55961748,Motors,motors,temperature,,35,40,40,40,40,40,35,45
14019,t55306412,Tank,tank,arcade_args,,0,-15.06315,-15.063h_heading,,14446,14435,14449,-161.81,-57.83,172.7348,1193.308,333.407
14069,t55306412,Tank,tank,arcade_args,,0,-14.17203,-14.17203,-14.17203
14070,t55306412,PIDDriver,pid_driver,step,,6,-150,-9.320115,-140.6799,-1040.412,9pid_driver,step,,8,-150,-46.71639,-103.2836,-1262.998,16.01914,-10.45466,0,0
14192,t55306412,Odometry,odometry,compute_position_with_heading,,14604,14593,14598,-161.81,-159.88,172.5807,1185.415,395.1094
14319,t55306412,Tank,tank,arcade_args,,0,-4.542254,-4.542254,-4.542254
14320,t55306412,PIDDriver,pid_driver,step,,11,-150,-106.0262,-43.97378,.903953,0,0
14447,t55306412,Odometry,odometry,compute_position_with_heading,,14841,14831,14846,-161.81,-248.38,172.4247,1178.332,448.588
14469,t55306412,Tank,tank,arcade_args,,0,-2.606505,-2.606505,-2.606505
14569,t55306412,Tank,tank,arcade_args,,0,-2.568668,-2.568668,-2.568668
14570,t55306412,PIDDriver,pid_driver,step,,16,-150,-125.8977,-24.10226,-1584.42,0.1036148,-2.568668,3,0
14597,t55306412,Odometry,odometmetry,odometry,compute_position_with_heading,,15079,15068,15075,-161.81,-249.08,172.4389,1178.276,449.011
14719,t55306412,Odometry,odometry,compute_position_with_heading,,15118,15108,15124,-161.81,-249.08,172.4564,1178.276,etry,compute_position_with_heading,,15237,15227,15243,-161.81,-249.26,172.434,1178.262,449.1198
14869,t55306412,Tank,tank,arcade_args,,3.773712,0,3.773712,-3.773712
14870,t55306412,PIDTurner,pid_turner,step,,2,187.4389,172306412,PIDTurner,pid_turner,step,,4,187.4389,172.4591,14.97981,74.97051,-0.02128601,3.782439,0,0
14997,t55306412,Odometry,odometry,compute_position_with_heading,,15395,15385,15382,-161.81,-249.26,172.5684,1178.262,449.119831,104.4343,-0.2771759,3.700544,0,0
15092,t55306412,Odometry,odometry,compute_position_with_heading,,15493,15484,15481,-161.81,-250.84,173.4165,1178.145,450.0758
15119,t55306412,Tank,tank,arcade_args,,3.564825,0,3.564825,-,arcade_args,,3.092363,0,3.092363,-3.092363
15220,t55306412,PIDTurner,pid_turner,step,,9,187.4389,175.3568,12.08206,143.6952,-1.074356,3.092363,0,0
15242,t55306412,Odometry,odometry,compute_position_with_heading,,15632,156on_with_heading,,15731,15722,15729,-165.59,-251.99,179.2635,1180.375,450.8624
15369,t55306412,Tank,tank,arcade_args,,2.129883,0,2.129883,-2.129883
15370,t55306412,PIDTurner,pid_turner,step,,12,187.4389,179.2635,8.175339,1733,1182.142,450.8559
15469,t55306412,Tank,tank,arcade_args,,1.588937,0,1.588937,-1.588937
15474,t55306412,PIDTurner,pid_turner,step,,14,187.4389,181.4533,5.985565,185.0917,-1.024155,1.588937,0,0
15569,t55306412,Tank,tank,arcade_args,,1.230266,0,1.230266,-1.230266
15570,t55306412,PIDTurner,pid_turner,step,,16,187.4389,182.9074,4.531509,194.7774,-0.622757,1.230266,0,0
15670,t55306412,PIDTurner,pid_turner,step,,18,187.4389,183.5964,3.842468,202.7362,-0.2737732,1.061985,0,0
15692,t55306412,Odometry,odometry,compute_position_with_heading,,16086,16078,16077,-171.83,-251.994389,183.8742,3.564651,210.0389,-0.1733856,0.9961823,0,0
15798,t55306412,Odometry,odometry,compute_position_with_heading,,16185,16177,16176,-172.36,-251.99,184.1201,1184.499,450.75
15819,t55306412,Tank,tank,arcade_args,,0.76,-173.76,-251.99,184.9566,1185.349,450.6828
15919,t55306412,Tank,tank,arcade_args,,0.7299704,0,0.7299704,-0.7299704
15920,t55306412,PIDTurner,pid_turner,step,,23,187.4389,184.9566,2.4823,218.7909,-0.468689,0.7299704,1,0,40,35,45
16019,t55306412,Tank,tank,arcade_args,,0.5401628,0,0.5401628,-0.5401628
16020,t55306412,PIDTurner,pid_turner,step,,25,187.4389,185.7233,1.71553,222.5603,-0.3383484,0.5401628,3,0
16119,t55306412,Tank,tank,arcade_args,,0,0,0,0
16119,t55306412,PIDTurner,pid_turner,step,,27,187.4389,186.2256,1.213257,225.2067,-0.2198944,0.4159176,5,1
16319,t55306412,Tank,tank,arcade_args,,0,16.048,16.048,16.048
16320,t55306412,PIDDriver,pid_driver,step,,2,160,0,160,480,0,16.048,0,0
16469,t55306412,Tank,tank,arcade_args,,0,15.19479,15.19479,15.19479
16470,t55306412,PIDDriver,pid_driver,step,,5,160,9.003139,150.9969,950.9968,-9.003143,15.19479,0,0
16492,t55306412iver,pid_driver,step,,7,160,45.75329,114.2467,1204.238,-24.74798,11.5451,0,0
16592,t55306412,Odometry,odometry,compute_position_with_heading,,16976,16949,16970,-180,-148.01,188.3205,1180.732,387.4192
16619,t55306412,Tank,tdriver,step,,10,160,103.0272,56.97282,1428.413,-13.55652,5.840123,0,0
16747,t55306412,Odometry,odometry,compute_position_with_heading,,17114,17108,17119,-180.18,-59.68,188.2207,1172.961,334.1409
16769,t55306412,Tank,tank,arcade_args,,0,4.430234,4.430234,4.430234
16770,t55306412,PIDDriver,pid_driver,step,,11,160,117.1689,42.8311,1471.244,-14.14172,4.430234,0,0
16792,t55306412,Odometry,odometry,compute_position_with_heading,,17173,17147,17169,-180,-48.96,187.8867,1171.937,327.6863
16819,t55306412,Tank,tank,arcade_args,,0,3.78042,3.78042,3.78042
16825,t55306412,PIDDriver,pid_driver,step,,12,160,123.7033,36.29666,1507.541,-6.534439,3.78042,0,0
16847,t55306412,Odometry,odometry,compute_position_with_heading,,17213,17207,17218,-180,-41.84,187.669,1171.349,323.3862
16869,t55306412,Tank,tank,arcade_args,,0,3.349612,3.349612,3.349612
16870,t55306412,PIDDriver,pid_driver,step,,13,160,128.0434,31.95662,1539.498,-4.340042,3.349612,0,0
16892,t55306412,Odometry,odometry,compute_position_with_heading,,17272,17246,17268,-180.18,-41.14,187.6601,1171.401,322.9487
16919,t55306412,Tank,tank,arcade_args,,0,3.310097,3.310097,3.310097
16920,t55306412,PIDDriver,pid_driver,step,,14,160,128.4701,31.52994,1571.028,-0.4266815,3.310097,0,0
16942,t55306412,Odometry,odometry,compute_position_with_heading,,17312,17306,17318,-180.18,-41.05,187.7787,1171.394,322.8943
16969,t55306412,Tank,tank,arcade_args,,0,3.307759,3.307759,3.307759
16970,t55306412,PIDDriver,pid_driver,step,,15,160,128.5249,31.47508,1602.503,-0.05485535,3.307759,0,0
16995,t55306412,Odometry,odometry,compute_position_with_heading,,17371,17346,17367,-180.18,-40.7,187.7347,1171.365,322.6829
17009,t55961748,Motors,motors,temperature,,40,40,40,40,40,40,35,45
17019,t55306412,Tank,tank,arcade_args,,0,3.289548,3.289548,3.289548
17020,t55306412,PIDDriver,pid_driver,step,,16,160,128.7383,31.26172,1633.765,-0.2133636,3.289548,0,0
17042,t55306412,Odometry,odometry,compute_position_with_heading,,17410,17405,17407,-180.18,-39.47,187.7366,1171.264,321.94
17069,t55306412,Tank,tank,arcade_args,,0,3.217624,3.217624,3.217624
17073,t55306412,PIDDriver,pid_driver,step,,17,160,129.488,30.51196,1664.277,-0.7497559,3.217624,0,0
17095,t55306412,Odometry,odometry,compute_position_with_heading,,17470,17445,17457,-180.18,-37.53,187.7673,1171.105,320.7683
17119,t55306412,Tank,tank,arcade_args,,0,3.102304,3.102304,3.102304
17120,t55306412,PIDDriver,pid_driver,step,,18,160,130.6706,29.32944,1693.606,-1.182526,3.102304,0,0
17142,t55306412,Odometry,odometry,compute_position_with_heading,,17509,17504,17506,-180.18,-32.79,187.7629,1170.714,317.9055
17169,t55306412,Tank,tank,arcade_args,,0,2.816019,2.816019,2.816019
17170,t55306412,PIDDriver,pid_driver,step,,19,160,133.5599,26.44014,1720.046,-2.889297,2.816019,0,0
17192,t55306412,Odometry,odometry,compute_position_with_heading,,17569,17544,17556,-180.18,-27.86,187.7294,1170.309,314.9278
17219,t55306412,Tank,tank,arcade_args,,0,2.517851,2.517851,2.517851
17220,t55306412,PIDDriver,pid_driver,step,,20,160,136.565,23.43503,1743.481,-3.005112,2.517851,1,0
17247,t55306412,Odometry,odometry,compute_position_with_heading,,17608,17603,17606,-180.18,-19.34,187.6912,1169.612,309.7813
17269,t55306412,Tank,tank,arcade_args,,0,2.000332,2.000332,2.000332
17270,t55306412,PIDDriver,pid_driver,step,,21,160,141.7584,18.24159,1761.723,-5.193436,2.000332,2,0
17292,t55306412,Odometry,odometry,compute_position_with_heading,,17667,17643,17655,-180.18,-13.8,187.687,1169.161,306.4348
17319,t55306412,Tank,tank,arcade_args,,0,1.664126,1.664126,1.664126
17320,t55306412,PIDDriver,pid_driver,step,,22,160,145.1353,14.86467,1776.587,-3.376923,1.664126,3,0
17347,t55306412,Odometry,odometry,compute_position_with_heading,,17707,17702,17705,-180.09,-6.68,187.7307,1168.524,302.1413
17369,t55306412,Tank,tank,arcade_args,,0,1.231174,1.231174,1.231174
